# name: UN Data for SDGs revisions2
# source: UN Data for SDGs revisions2.csv
# importDate: 2022-08-30T17:04:58.769Z
# attribute -- name: Country, type: categorical, precision: 2, editable: true
# attribute -- name: Boundary, precision: 2, editable: true, formula: lookupBoundary(`country_boundaries`&comma;Country)
# attribute -- name: Region, type: categorical, precision: 2, editable: true
# attribute -- name: Average Life Expectancy, description: The average number of years a person born in the country is expected to live assuming that prevailing mortality rates stay the same as the person ages. , type: numeric, unit: years, precision: 2, editable: true
# attribute -- name: Average Years of Schooling for Adults, description: The average number of years of school attended by people over 25., type: numeric, unit: years, precision: 2, editable: true
# attribute -- name: Average Years of Schooling for Female Adults, description: The average number of years of school attended by females over 25., type: numeric, unit: years, precision: 2, editable: true
# attribute -- name: Average Years of Schooling for Male Adults, description: The average number of years of school attended by males over 25., type: numeric, unit: years, precision: 2, editable: true
# attribute -- name: Teen Birth Rate, description: Number of births for every 1&comma;000 women aged 15-19 (2015-2020)., type: numeric, unit: births/1&comma;000 teens, precision: 2, editable: true
# attribute -- name: Population Total in Millions, description: Number of residents expressed in millions, type: numeric, unit: million residents, precision: 2, editable: true
# attribute -- name: Urban Living, description: The percent of people that live in urban areas as defined by the country., type: numeric, unit: %, precision: 2, editable: true
# attribute -- name: Internet Users, description: Percent of the population that have access to the internet (2018)., type: numeric, unit: %, precision: 2, editable: true
# attribute -- name: Medical Doctor Rate, description: Number of medical doctors per 10&comma;000 people (2001-2018)., type: numeric, unit: doctors / 10&comma;000 people, precision: 2, editable: true
# attribute -- name: Total Count of Medical Doctors, description: Total number of medical doctors (2001-2018)., type: numeric, unit: doctors, precision: 2, editable: true, formula: (`Medical Doctor Rate` * 10000)
# attribute -- name: Homicide Rate, description: Number of unlawful deaths per 100&comma;000 people (2013-2018)., type: numeric, unit: homicides/100&comma;000 people, precision: 2, editable: true
# attribute -- name: Rate of Imprisonment, description: Number of prisoners being held by the criminal justice system per 100&comma;000 people (2013-2018)., type: numeric, unit: prisoners/100&comma;000 people, precision: 2, editable: true
# attribute -- name: Carbon Dioxide Emissions per Person, description: Carbon dioxide emission produced by human activity per person (total emissions divided by the number of people living in the country) measured in tonnes. One tonnes =  Driving 23&comma;000 miles in the average car (once around the world) or 18 dairy cows in weight or 25 million plastic straws., type: numeric, unit: tonnes, precision: 2, editable: true
# attribute -- name: Forested Area, description: Percent of the total land area that is forested and not being developed for agriculture or other commercial purposes (2016)., type: numeric, unit: %, precision: 2, editable: true
# attribute -- name: Share of Income Owned by Top 1%, description: Share of pretax national income held by the richest 1 percent of the population (2010-2017). , type: numeric, unit: %, precision: 2, editable: true
# attribute -- name: Land Losing Ecological Productivity, description: Percent of rain-fed or irrigated land with increasingly poor soil and plant life. The land is becoming less able to support agriculture&comma; biodiversity&comma; or forests due to over production and other human activities (2015)., type: numeric, unit: %, precision: 2, editable: true
# attribute -- name: Average GNP per Person, description: GNP (Gross National Product) is the total value of products and services generated by all residents. This amount is divided by the whole population to create an average amount per person for the country. It is expressed in international dollars so that it reflects the same purchasing power as the US dollar. , type: numeric, unit: $, precision: 0, editable: true
# attribute -- name: Youth Not in School or Employment, description: Percentage of people ages 15–24 who are not employed or in school or professional training., type: numeric, unit: %, precision: 2, editable: true
# attribute -- name: Immigrants, description: Percent of the country’s population that are immigrants. The exact meaning of  “immigrant” can vary by country&comma; but is generally defined as people that are foreign born and/or that are citizens of another country., type: numeric, unit: %, precision: 2, editable: true
Country,Boundary,Region,Average Life Expectancy,Average Years of Schooling for Adults,Average Years of Schooling for Female Adults,Average Years of Schooling for Male Adults,Teen Birth Rate,Population Total in Millions,Urban Living,Internet Users,Medical Doctor Rate,Total Count of Medical Doctors,Homicide Rate,Rate of Imprisonment,Carbon Dioxide Emissions per Person,Forested Area,Share of Income Owned by Top 1%,Land Losing Ecological Productivity,Average GNP per Person,Youth Not in School or Employment,Immigrants
Afghanistan,[object Object],Asia,64.8,10.2,7.7,12.5,69.0,38.0,25.8,13.5,3,30000,6.7,83,0,2,..,8,"2,202",41.8,0.4
Albania,[object Object],Europe,78.6,14.7,15.5,14.0,19.6,2.9,61.2,71.8,12,120000,2.3,184,2,28,8,8,"13,962",30.3,1.7
Algeria,[object Object],Africa,76.9,14.6,14.8,14.4,10.1,43.1,73.2,59.6,17,170000,1.4,149,4,1,10,1,"11,350",21.1,0.6
Andorra,[object Object],Europe,81.9,13.3,..,..,..,0.1,88.0,91.6,33,330000,0.0,64,6,34,..,..,..,..,58.5
Angola,[object Object],Africa,61.2,11.8,11.0,12.7,150.5,31.8,66.2,14.3,2,20000,..,79,1,46,15,20,"6,654",9.6,2.1
Antigua and Barbuda,[object Object],Caribbean,77,12.8,13.2,12.1,42.8,0.1,24.5,76.0,30,300000,..,318,6,22,..,..,"21,908",..,30.1
Argentina,[object Object],South America,76.7,17.7,18.9,16.4,62.8,44.8,92.0,74.3,40,400000,5.3,194,4,10,..,39,"22,034",19.2,4.9
Armenia,[object Object],Asia,75.1,13.1,13.6,12.6,21.5,3.0,63.2,64.7,44,440000,1.7,77,2,12,..,2,"13,654",36.5,6.4
Australia,[object Object],Oceania,83.4,22,22.4,21.5,11.7,25.2,86.1,86.5,37,370000,0.9,173,17,16,9,..,"49,756",8.4,30
Austria,[object Object],Europe,81.5,16.1,16.4,15.8,7.3,9.0,58.5,87.7,52,520000,1.0,103,8,47,9,..,"56,352",6.3,19.9
Azerbaijan,[object Object],Asia,73,12.9,13.0,12.8,55.8,10.0,56.0,79.8,35,350000,2.2,220,4,14,..,..,"14,404",13,2.5
Bahamas,[object Object],Caribbean,73.9,12.9,..,..,30.0,0.4,83.1,85.0,20,200000,32.0,461,5,51,..,..,"35,783",22.9,16.2
Bahrain,[object Object],Asia,77.3,16.3,16.7,16.1,13.4,1.6,89.4,98.6,9,90000,0.5,233,20,1,18,..,"45,026",18,45.2
Bangladesh,[object Object],Asia,72.6,11.6,12.0,11.2,83.0,163.0,37.4,15.0,6,60000,2.4,52,1,11,..,65,"4,754",26.1,1.3
Barbados,[object Object],Caribbean,79.2,15.4,16.8,14.0,33.6,0.3,31.2,81.8,25,250000,9.8,296,5,15,..,..,"15,639",25.3,12.1
Belarus,[object Object],Europe,74.8,15.4,15.7,15.2,14.5,9.5,79.0,79.1,52,520000,2.4,344,7,43,..,1,"19,150",10.8,11.3
Belgium,[object Object],Europe,81.6,19.8,20.7,18.8,4.7,11.5,98.0,88.7,31,310000,1.7,88,9,23,8,11,"51,708",8.7,17.2
Belize,[object Object],Central America,74.6,13.1,13.4,12.8,68.5,0.4,45.9,47.1,11,110000,37.8,345,2,60,..,81,"7,005",26.9,15.4
Benin,[object Object],Africa,61.8,12.6,11.4,13.8,86.1,11.8,47.9,20.0,1,10000,1.1,70,1,38,18,53,"3,287",14.6,3.3
Bhutan,[object Object],Asia,71.8,13,13.5,12.8,20.2,0.8,41.6,48.1,4,40000,1.2,156,2,73,..,10,"11,345",28.8,7
Bolivia,[object Object],South America,71.5,14.2,14.2,14.2,64.9,11.5,69.8,43.8,16,160000,6.2,160,2,50,..,18,"8,724",11.2,1.4
Bosnia and Herzegovina,[object Object],Europe,77.4,13.8,14.1,13.5,9.6,3.3,48.6,70.1,22,220000,1.2,84,7,43,9,4,"14,895",21.2,1.1
Botswana,[object Object],Africa,69.6,12.8,13.0,12.7,46.1,2.3,70.2,47.0,5,50000,..,197,3,19,23,51,"17,766",34.8,4.8
Brazil,[object Object],South America,75.9,15.4,15.8,15.1,59.1,211.0,86.8,67.5,22,220000,27.4,344,2,59,28,27,"14,652",23.8,0.4
Brunei,[object Object],Asia,75.9,14.3,14.8,13.9,10.3,0.4,77.9,94.6,16,160000,0.5,136,19,72,..,..,"62,100",21,25.5
Bulgaria,[object Object],Europe,75.1,14.4,14.6,14.2,39.9,7.0,75.3,64.8,40,400000,1.3,94,6,35,13,..,"23,091",15.8,2.4
Burkina Faso,[object Object],Africa,61.6,9.3,9.1,9.4,104.3,20.3,30.0,16.0,1,10000,1.3,41,0,19,14,19,"2,190",23,3.5
Burundi,[object Object],Africa,61.6,11.1,11.0,11.1,55.6,11.5,13.4,2.7,1,10000,6.1,98,0,10.9,14.6,29,752,4,2.8
Cambodia,[object Object],Asia,69.8,11.5,11.0,11.9,50.2,16.5,23.8,40.0,2,20000,..,191,1,53,..,33,"4,389",17.3,0.5
Cameroon,[object Object],Africa,59.3,12.1,11.3,12.9,105.8,25.9,57.0,23.2,1,10000,1.4,130,0,39,16,0,"3,653",16.8,2
Canada,[object Object],North America,82.4,16.2,16.7,15.7,8.4,37.4,81.5,91.0,26,260000,1.8,108,15,38,14,..,"49,031",12.9,21.3
Cape Verde,[object Object],Africa,73,12.7,13.0,12.4,73.8,0.5,66.2,58.2,8,80000,6.8,288,1,23,..,17,"7,172",30.9,2.8
Central African Republic,[object Object],Africa,53.3,7.6,6.2,8.9,129.1,4.7,41.8,4.3,0.7,7000,20.1,17,0.1,35.6,30.9,13,945,20.6,1.9
Chad,[object Object],Africa,54.2,7.3,5.9,8.8,161.1,15.9,23.3,6.5,0,0,..,56,0,4,16,34,"1,580",21.5,3.2
Chile,[object Object],South America,80.2,16.4,16.7,16.2,41.1,19.0,87.6,82.3,26,260000,4.4,246,5,24,24,1,"24,226",16.4,5
China,[object Object],Asia,76.9,14,14.0,14.0,7.6,"1,433.8",60.3,54.3,20,200000,0.5,110,7,22,14,27,"16,117",17.9,0.1
Colombia,[object Object],South America,77.3,14.4,14.7,14.1,66.7,50.3,81.1,62.3,22,220000,25.3,235,2,53,21,7,"14,731",23,2.3
Comoros,[object Object],Africa,64.3,11.2,11.1,11.4,65.4,0.9,29.2,8.5,3,30000,..,27,0,20,14,22,"3,081",27.2,1.5
Congo,[object Object],Africa,64.6,11.7,11.6,11.9,112.2,5.4,67.4,8.7,2,20000,..,26,1,65,20,10,"3,298",19.6,7.5
Costa Rica,[object Object],Central America,80.3,15.7,16.4,15.4,53.5,5.0,80.1,74.1,29,290000,11.3,287,2,55,..,9,"19,642",19.6,8.3
Côte d'Ivoire,[object Object],Africa,57.8,10,9.0,10.9,117.6,25.7,51.2,46.8,2,20000,..,66,0,33,17,14,"5,238",35.1,9.9
Croatia,[object Object],Europe,78.5,15.2,16.0,14.5,8.7,4.1,57.2,72.7,30,300000,0.6,77,5,34,8,..,"28,509",12.3,12.5
Cuba,[object Object],Caribbean,78.8,14.3,14.7,13.9,51.6,11.3,77.1,57.1,84,840000,5.0,..,3,31,..,..,..,22.1,0
Cyprus,[object Object],Asia,81,15.2,15.4,14.9,4.6,1.2,66.8,84.4,20,200000,1.3,52,6,19,12,19,"39,545",10.8,16
Czechia,[object Object],Europe,79.4,16.8,17.5,16.1,12.0,10.7,73.9,80.7,41,410000,0.6,202,10,35,10,6,"40,314",5.8,4.8
Denmark,[object Object],Europe,80.9,18.9,19.6,18.3,4.1,5.8,88.0,97.6,40,400000,1.0,63,6,15,11,..,"57,184",7.3,12.5
Djibouti,[object Object],Africa,67.1,6.8,6.7,6.9,18.8,1.0,77.9,55.7,2,20000,..,69,1,0,16,..,"5,519",33.2,11.8
Dominica,[object Object],Caribbean,78.2,13,..,..,..,0.1,70.8,69.6,11,110000,26.6,268,3,57,..,..,"12,156",..,11.5
Dominican Republic,[object Object],Caribbean,74.1,14.2,15.0,13.5,94.3,10.7,81.8,74.8,16,160000,10.0,245,2,42,..,..,"18,419",25.1,5.3
DR Congo,[object Object],Africa,60.7,9.7,8.6,10.8,124.2,86.8,45.0,8.6,1,10000,..,27,0,67,18,6,"1,098",21.7,1.1
East Timor,[object Object],Asia,69.5,12.6,12.2,13.0,33.8,1.3,30.9,27.5,7,70000,4.1,55,0,45,..,..,"3,123",19.7,0.7
Ecuador,[object Object],South America,77,14.6,14.9,14.3,79.3,17.4,64.0,57.3,20,200000,5.8,220,3,50,..,30,"11,375",18.9,2.2
Egypt,[object Object],Africa,72,13.3,13.3,13.3,53.8,100.4,42.7,46.9,5,50000,..,112,2,0,16,1,"11,763",27.7,0.5
El Salvador,[object Object],Central America,73.3,11.7,11.5,11.7,69.5,6.5,72.7,33.8,16,160000,52.0,617,1,13,..,16,"8,776",27.3,0.7
Equatorial Guinea,[object Object],Africa,58.7,9.7,..,..,155.6,1.4,72.6,26.2,4,40000,..,43,4,56,17,19,"18,558",24.9,16.8
Eritrea,[object Object],Africa,66.3,5,4.6,5.4,52.6,3.5,40.7,1.3,1,10000,..,..,0,15,14,35,..,25.6,0.5
Estonia,[object Object],Europe,78.8,16,16.8,15.2,7.7,1.3,69.1,89.4,45,450000,2.1,195,15,51,11,..,"36,710",10.5,14.4
Eswatini,,Africa,60.2,11.8,11.8,11.9,76.7,1.1,24.0,47.0,3,30000,11.6,304,1,34,18,13,"8,688",36,2.8
Ethiopia,[object Object],Africa,66.6,8.8,8.3,9.3,66.7,112.1,21.2,18.6,1,10000,..,116,0,13,14,29,"2,220",11.1,1.1
Fiji,[object Object],Oceania,67.4,14.4,..,..,49.4,0.9,56.8,50.0,9,90000,2.3,209,2,56,..,..,"13,853",20.6,1.6
Finland,[object Object],Europe,81.9,19.4,20.2,18.6,5.8,5.5,85.4,88.9,38,380000,1.6,54,9,73,10,1,"48,621",8.2,6.9
France,[object Object],Europe,82.7,15.6,16.0,15.3,4.7,65.1,80.7,82.0,33,330000,1.2,106,5,31,11,12,"46,184",10.2,12.8
Gabon,[object Object],Africa,66.5,13,12.6,13.4,96.2,2.2,89.7,62.0,7,70000,..,173,3,90,11,16,"14,870",30.3,18.9
Gambia,[object Object],Africa,62.1,9.9,10.0,9.8,78.2,2.3,61.9,19.8,1,10000,..,55,0,48,13,14,"2,207",33.1,9.2
Georgia,[object Object],Europe,73.8,15.3,15.5,15.0,46.4,4.0,59.0,64.0,71,710000,2.2,239,3,41,..,6,"15,014",25.9,2
Germany,[object Object],Europe,81.3,17,16.9,17.0,8.1,83.5,77.4,89.7,43,430000,0.9,79,9,33,13,..,"53,815",5.4,15.7
Ghana,[object Object],Africa,64.1,11.5,11.4,11.6,66.6,30.4,56.7,39.0,1,10000,2.1,49,1,41,15,14,"5,413",30.9,1.5
Greece,[object Object],Europe,82.2,17.9,17.5,18.1,7.2,10.5,79.4,73.0,55,550000,0.9,101,7,32,13,16,"30,315",13.9,11.6
Grenada,[object Object],Caribbean,72.4,16.9,17.0,16.2,29.2,0.1,36.4,59.1,14,140000,10.8,414,2,50,..,..,"17,242",..,6.4
Guatemala,[object Object],Central America,74.3,10.8,10.6,10.9,70.9,17.6,51.4,65.0,4,40000,22.5,141,1,33,..,24,"8,638",27.6,0.5
Guinea,[object Object],Africa,61.6,9.4,8.0,10.8,135.3,12.8,36.5,18.0,1,10000,..,27,0,26,12,11,"2,564",22.3,0.9
Guinea-Bissau,[object Object],Africa,58.3,10.6,..,..,104.8,1.9,43.8,3.9,1,10000,1.1,33,0,70,19,15,"1,989",17.7,1.4
Guyana,[object Object],South America,69.9,11.4,11.6,11.3,74.4,0.8,26.7,37.3,8,80000,14.2,275,3,84,..,16,"9,703",35.3,2
Haiti,[object Object],Caribbean,64,9.7,9.0,10.4,51.7,11.3,56.2,32.5,2,20000,6.7,80,0,4,..,..,"1,729",27.6,0.2
Honduras,[object Object],Central America,75.3,10.1,10.5,9.6,72.9,9.7,57.7,31.7,3,30000,38.9,216,1,40,..,..,"5,728",25.7,0.4
Hong Kong,[object Object],Asia,84.9,16.9,17.1,16.8,2.7,7.4,100.0,89.4,..,,0.7,112,6,..,..,..,"59,893",6.4,39.6
Hungary,[object Object],Europe,76.9,15.2,15.5,14.9,24.0,9.7,71.6,76.1,34,340000,2.5,175,5,23,12,13,"32,623",11.5,5.3
Iceland,[object Object],Europe,83,19.1,20.2,18.0,6.3,0.3,93.9,99.0,41,410000,0.9,40,11,1,8,..,"55,874",4.7,15.5
India,[object Object],Asia,69.7,12.2,12.6,11.7,13.2,"1,366.4",34.5,34.5,9,90000,3.1,33,2,24,21,30,"6,754",30.9,0.4
Indonesia,[object Object],Asia,71.7,13.6,13.7,13.5,47.4,270.6,56.0,39.8,4,40000,0.4,96,2,50,..,21,"11,812",22,0.1
Iran,[object Object],Asia,76.7,14.8,14.6,15.0,40.6,82.9,75.4,70.0,16,160000,2.5,293,9,7,16,23,"14,536",28,3.2
Iraq,[object Object],Asia,70.6,11.3,10.4,12.2,71.7,39.3,70.7,49.4,7,70000,10.1,105,5,2,22,26,"10,881",44.6,0.9
Ireland,[object Object],Europe,82.3,18.7,18.8,18.6,7.5,4.9,63.4,84.5,33,330000,0.9,82,8,11,11,..,"86,781",10,17.1
Israel,[object Object],Asia,83,16.2,16.8,15.6,9.6,8.5,92.5,81.6,46,460000,1.5,231,8,8,..,..,"40,162",15.2,23
Italy,[object Object],Europe,83.5,16.1,16.4,15.8,5.2,60.6,70.7,74.4,40,400000,0.6,101,6,32,9,13,"42,413",18.8,10.4
Jamaica,[object Object],Caribbean,74.5,13.1,13.9,12.4,52.8,2.9,56.0,55.1,13,130000,43.9,132,3,31,..,..,"9,761",31,0.8
Japan,[object Object],Asia,84.6,15.2,15.2,15.3,3.8,126.9,91.7,84.6,24,240000,0.3,40,9,69,10,..,"41,429",3,2
Jordan,[object Object],Asia,74.5,11.4,11.6,11.1,25.9,10.1,91.2,66.8,23,230000,1.4,160,2,1,16,4,"9,906",32.5,33.1
Kazakhstan,[object Object],Asia,73.6,15.6,15.8,15.1,29.8,18.6,57.5,78.9,40,400000,5.1,201,18,1,..,36,"26,351",10.5,20
Kenya,[object Object],Africa,66.7,11.3,11.0,11.7,75.1,52.6,27.5,17.8,2,20000,4.9,102,0,8,15,40,"4,330",14.8,2
Kiribati,[object Object],Oceania,68.4,11.8,12.2,11.4,16.2,0.1,54.8,14.6,2,20000,..,114,1,15,..,..,"2,275",..,2.6
Kuwait,[object Object],Asia,75.5,14.2,15.2,13.2,8.2,4.2,100.0,99.6,27,270000,..,148,24,0,20,64,"49,846",27,72.1
Kyrgyzstan,[object Object],Asia,71.5,13,13.2,12.7,32.8,6.4,36.6,38.0,22,220000,2.2,177,2,3,..,24,"5,253",20.5,3.1
Lao,[object Object],Asia,67.9,11,10.7,11.3,65.4,7.2,35.6,25.5,4,40000,..,122,3,82,..,..,"7,826",6.8,0.7
Latvia,[object Object],Europe,75.3,16.2,16.8,15.5,16.2,1.9,68.2,83.6,32,320000,4.4,183,4,54,11,13,"30,830",8.3,12.4
Lebanon,[object Object],Asia,78.9,11.3,11.1,11.5,14.5,6.9,88.8,78.2,21,210000,2.5,92,4,13,23,..,"14,717",25.5,27.2
Lesotho,[object Object],Africa,54.3,11.3,11.7,10.9,92.7,2.1,28.6,29.0,1,10000,43.6,102,1,2,19,20,"2,768",30.4,0.3
Liberia,[object Object],Africa,64.1,9.6,9.2,10.4,136.0,4.9,51.6,8.0,0,0,..,50,0,43,12,29,"1,428",13.2,1.9
Libya,[object Object],Africa,72.9,12.9,13.1,12.6,5.8,6.8,80.4,21.8,21,210000,..,97,8,0,14,..,"15,174",31.8,12.1
Liechtenstein,[object Object],Europe,80.7,14.9,13.8,16,..,0.0,14.4,98.1,..,,2.6,166,4,43,..,..,..,..,67
Lithuania,[object Object],Europe,75.9,16.6,17.1,16.2,10.9,2.8,67.9,79.7,64,640000,4.6,232,5,35,10,3,"36,975",8.5,4.2
Luxembourg,[object Object],Europe,82.3,14.3,14.3,14.2,4.7,0.6,91.2,97.1,30,300000,0.3,108,16,36,12,4,"114,482",5.5,47.4
Macedonia,[object Object],Europe,75.8,13.6,13.8,13.4,15.7,2.1,58.2,79.2,29,290000,1.2,108,4,40,8,..,"16,506",23.1,6.3
Madagascar,[object Object],Africa,67,10.2,10.2,10.2,109.6,27.0,37.9,9.8,2,20000,..,95,0,21,15,30,"1,646",5.7,0.1
Malawi,[object Object],Africa,64.3,11.2,11.2,11.3,132.7,18.6,17.2,13.8,0,0,..,77,0,33,31,17,"1,060",9.2,1.3
Malaysia,[object Object],Asia,76.2,13.7,14.0,13.3,13.4,31.9,76.6,81.2,15,150000,2.1,178,8,68,15,16,"28,351",12.1,10.7
Maldives,[object Object],Asia,78.9,12.2,12.3,12.1,7.8,0.5,40.2,63.2,46,460000,0.7,373,3,3,..,..,"18,914",21.9,13
Mali,[object Object],Africa,59.3,7.5,6.8,8.1,169.1,19.7,43.1,13.0,1,10000,..,31,0,4,10,3,"2,327",26.5,2.4
Malta,[object Object],Europe,82.5,16.1,16.5,15.7,12.9,0.4,94.7,81.4,29,290000,1.6,141,4,1,11,..,"43,340",7.1,19.3
Marshall Islands,[object Object],Oceania,74.1,12.4,..,..,..,0.1,77.4,38.7,4,40000,..,61,3,70,..,..,"3,894",..,5.6
Mauritania,[object Object],Africa,64.9,8.6,8.7,8.5,71.0,4.5,54.5,20.8,2,20000,..,46,1,0,11,3,"5,197",39.9,3.8
Mauritius,[object Object],Africa,75,15.1,15.7,14.4,25.7,1.3,40.8,58.6,25,250000,2.9,193,4,19,14,27,"22,989",21,2.3
Mexico,[object Object],North America,75.1,14.8,15.0,14.6,60.4,127.6,80.4,65.8,24,240000,29.1,156,4,34,..,47,"19,746",18.6,0.8
Micronesia,[object Object],Oceania,67.9,11.5,..,..,13.9,0.1,22.8,35.3,2,20000,..,123,1,92,..,..,"3,469",..,2.5
Moldova,[object Object],Europe,71.9,11.5,11.8,11.3,22.4,4.0,42.7,76.1,32,320000,4.1,173,1,13,10,29,"13,034",27.9,2.6
Monaco,[object Object],Asia,..,..,..,..,..,0.0,100.0,97.1,75.1,751000,0.0,76,..,..,..,..,..,..,68
Mongolia,[object Object],Asia,69.9,14.2,14.8,13.7,31.0,3.2,68.5,23.7,29,290000,6.2,152,9,8,..,13,"12,310",20.7,0.7
Montenegro,[object Object],Europe,76.9,15,15.4,14.7,9.3,0.6,67.2,71.5,28,280000,2.2,179,3,62,9,6,"21,379",15.7,11.3
Morocco,[object Object],Africa,76.7,13.7,13.3,14.1,31.0,36.5,63.0,64.8,7,70000,1.4,233,2,13,15,19,"7,515",22.1,0.3
Mozambique,[object Object],Africa,60.9,10,9.5,10.5,148.6,30.4,36.5,10.0,1,10000,..,64,0,48,31,..,"1,280",17.7,1.1
Myanmar,[object Object],Asia,67.1,10.7,10.9,10.5,28.5,54.0,30.9,30.7,7,70000,2.3,171,1,44,..,23,"5,142",19.6,0.1
Namibia,[object Object],Africa,63.7,12.6,12.7,12.5,63.6,2.5,51.0,51.0,4,40000,..,314,2,8,22,19,"9,637",33.7,4.3
Nauru,[object Object],Oceania,..,11.2,11.8,10.8,..,0.0,100.0,57.0,14,140000,..,140,5,0,..,..,"11,599",..,19.7
Nepal,[object Object],Asia,70.8,12.8,13.0,12.6,65.1,28.6,20.2,34.0,8,80000,2.3,68,0,25,..,..,"3,417",16,1.7
Netherlands,[object Object],Europe,82.3,18.5,18.8,18.2,3.8,17.1,91.9,94.7,36,360000,0.6,66,10,11,6,..,"57,141",3.1,13.4
New Zealand,[object Object],Oceania,82.3,18.8,19.7,17.9,19.3,4.8,86.6,90.8,36,360000,0.7,206,7,39,9,..,"42,888",11.5,22.3
Nicaragua,[object Object],Central America,74.5,12.3,12.6,12.1,85.0,6.5,58.8,27.9,10,100000,7.2,324,1,26,..,..,"5,407",16.7,0.6
Niger,[object Object],Africa,62.4,6.5,5.7,7.2,186.5,23.3,16.5,5.3,0,0,..,43,0,1,11,7,"1,219",25.9,1.3
Nigeria,[object Object],Africa,54.7,10,9.4,10.6,107.3,201.0,51.2,42.0,4,40000,34.5,37,1,7,15,32,"5,135",22,0.6
North Korea,[object Object],Asia,72.3,10.8,10.4,11.1,0.3,25.7,62.1,0.0,36.8,368000,..,..,1.2,40.7,..,..,..,13.1,0.2
Norway,[object Object],Europe,82.4,18.1,18.8,17.4,5.1,5.4,82.6,96.5,29,290000,0.5,80,8,33,9,..,"63,633",4.6,16.1
Oman,[object Object],Asia,77.9,14.2,15.0,13.7,13.1,5.0,85.4,80.2,20,200000,0.3,..,14,0,20,7,"27,896",19.8,46
Pakistan,[object Object],Asia,67.3,8.3,7.6,8.9,38.8,216.6,36.9,15.5,10,100000,3.9,39,1,2,..,5,"4,690",31.3,1.5
Palau,[object Object],Oceania,73.9,15.8,16.3,15.3,..,0.0,80.5,..,14,140000,11.2,422,13,88,..,..,"18,070",..,28.1
Palestine,[object Object],Asia,74.1,13.4,14.3,12.6,52.8,5.0,76.4,64.4,..,,0.5,22,1,2,16,15,"5,662",33.8,5.1
Panama,[object Object],Central America,78.5,12.9,13.5,12.4,81.8,4.2,68.1,57.9,16,160000,9.4,397,3,62,..,14,"31,459",15.8,4.4
Papua New Guinea,[object Object],Oceania,64.5,10.2,..,..,52.7,8.8,13.2,11.2,1,10000,..,59,1,74,..,21,"4,388",28.4,0.4
Paraguay,[object Object],South America,74.3,12.7,13.0,12.4,70.5,7.0,61.9,65.0,14,140000,7.1,210,1,38,..,52,"12,685",17.3,2.3
Peru,[object Object],South America,76.7,15,14.9,15.1,56.9,32.5,78.1,52.5,13,130000,7.9,284,2,58,..,..,"12,848",16.9,2.4
Philippines,[object Object],Asia,71.2,13.1,13.5,12.8,54.2,108.1,47.1,60.1,6,60000,6.5,183,1,28,..,38,"8,908",20.3,0.2
Poland,[object Object],Europe,78.7,16.3,16.9,15.3,10.5,37.9,60.0,77.5,24,240000,0.7,192,9,31,14,5,"33,086",8.8,1.7
Portugal,[object Object],Europe,82.1,16.5,16.5,16.6,8.4,10.2,65.8,74.7,51,510000,0.8,127,5,35,11,32,"34,798",8,8.7
Qatar,[object Object],Asia,80.2,12,14.1,11.3,9.9,2.8,99.2,99.7,25,250000,0.4,47,38,0,29,6,"92,651",10.5,78.7
Republic of Seychelles,,Africa,73.4,14.1,15.3,13.1,62.1,0.1,57.1,58.8,21,210000,12.5,394,7,88,20,12,"29,056",..,13.2
Romania,[object Object],Europe,76.1,14.3,14.7,13.9,36.2,19.4,54.1,70.7,30,300000,1.3,107,4,30,15,2,"29,909",14.7,2.4
Russian Federation,[object Object],Europe,72.6,15,15.3,14.8,20.7,145.9,74.6,80.9,40,400000,8.2,386,12,50,20,6,"27,044",15.3,8
Rwanda,[object Object],Africa,69,11.2,11.2,11.2,39.1,12.6,17.3,21.8,1,10000,2.6,509,0,20,..,12,"2,226",5.2,4.3
Saint Kitts and Nevis,[object Object],Caribbean,74.8,13.8,14.0,13.7,..,0.1,30.8,80.7,27,270000,..,423,5,42,..,..,"26,357",..,14.4
Saint Lucia,[object Object],Caribbean,76.2,14,14.7,13.3,40.5,0.2,18.8,50.8,6,60000,21.4,291,2,33,..,..,"15,449",39.4,4.6
Saint Vincent and the Grenadines,[object Object],Caribbean,72.5,14.1,14.2,14.0,49.0,0.1,52.6,22.4,7,70000,36.5,426,2,69,..,..,"12,466",28.6,4.2
Samoa,[object Object],Oceania,73.3,12.7,13.2,12.3,23.9,0.2,18.1,33.6,3,30000,3.1,205,1,60,..,..,"6,517",37.4,2
San Marino,[object Object],Europe,..,13,12.8,13.3,..,0.0,97.4,60.2,61.1,611000,..,18,..,0,..,..,"59,350",..,16.3
São Tomé and Príncipe,[object Object],Africa,70.4,12.7,12.8,12.6,94.6,0.2,73.6,29.9,1,10000,..,120,1,56,9,..,"3,964",22.6,1
Saudi Arabia,[object Object],Asia,75.1,16.1,16.0,16.2,7.3,34.3,84.1,93.3,26,260000,1.3,206,18,1,20,4,"46,962",16,38.3
Senegal,[object Object],Africa,67.9,8.6,8.9,8.2,72.7,16.3,47.7,46.0,1,10000,0.3,79,1,43,13,6,"3,395",37.6,1.7
Serbia,[object Object],Europe,76,14.7,15.3,14.2,14.7,8.8,56.3,73.4,31,310000,1.2,156,5,31,13,6,"18,180",17.5,9.4
Sierra Leone,[object Object],Africa,54.7,10.2,9.7,10.6,112.8,7.8,42.5,9.0,0,0,1.7,59,0,43,11,18,"1,718",11.2,0.7
Singapore,[object Object],Asia,83.6,16.4,16.7,16.3,3.5,5.8,100.0,88.2,23,230000,0.2,208,7,23,14,..,"97,341",4.5,37.1
Slovakia,[object Object],Europe,77.5,14.5,15.0,14.0,25.7,5.5,53.7,80.7,34,340000,1.1,189,7,40,5,4,"32,793",11.2,3.4
Slovenia,[object Object],Europe,81.3,17.6,18.3,16.8,3.8,2.1,54.8,79.8,31,310000,0.5,67,7,62,8,5,"38,689",6.8,12.2
Solomon Islands,[object Object],Oceania,73,10.2,9.7,10.7,78.0,0.7,24.2,11.9,2,20000,..,75,0,78,..,..,"2,367",1.6,0.4
Somalia,[object Object],Africa,57.4,..,..,..,100.1,15.4,45.6,2.0,0.2,2000,..,..,0,10,16.9,23,..,25.1,0.3
South Africa,[object Object],Africa,64.1,13.8,14.2,13.4,67.9,58.6,66.9,56.2,9,90000,36.4,284,8,8,19,78,"12,482",32.6,7.2
South Korea,[object Object],Asia,83,16.5,15.9,17.0,1.4,51.2,81.4,95.9,24,240000,0.6,106,13,63,12,..,"42,661",13.6,2.3
South Sudan,[object Object],Africa,57.9,5.3,3.5,5.9,62.0,11.1,19.9,8.0,..,,..,61,0,..,14,..,..,20.2,7.8
Spain,[object Object],Europe,83.6,17.6,18.0,17.2,7.7,46.7,80.6,86.1,39,390000,0.6,126,6,37,12,18,"40,883",12.4,13.1
Sri Lanka,[object Object],Asia,77,14.1,14.5,13.8,20.9,21.3,18.6,34.1,10,100000,2.4,98,1,33,..,36,"13,078",30.3,0.2
Sudan,[object Object],Africa,65.3,7.9,7.7,8.3,64.0,42.8,34.9,30.9,3,30000,..,52,1,..,11,12,"3,958",32.2,2.9
Suriname,[object Object],South America,71.7,13.2,13.8,12.5,61.7,0.6,66.1,48.9,12,120000,5.4,192,3,98,..,21,"16,329",26.3,7.9
Sweden,[object Object],Europe,82.8,19.5,20.4,18.6,5.1,10.0,87.7,92.1,40,400000,1.1,61,4,69,9,..,"53,205",6.5,20
Switzerland,[object Object],Europe,83.8,16.3,16.2,16.4,2.8,8.6,73.8,89.7,43,430000,0.6,77,4,32,11,..,"68,628",6.1,29.9
Syria,[object Object],Asia,72.7,8.9,8.9,8.8,38.6,17.1,54.8,34.3,13,130000,0.9,..,2,3,15,..,..,33.4,5.1
Tajikistan,[object Object],Asia,71.1,11.7,10.7,12.6,57.1,9.3,27.3,22.0,21,210000,..,..,1,3,..,97,"3,380",23,2.9
Tanzania,[object Object],Africa,65.5,8.1,8.2,8.0,118.4,58.0,34.5,25.0,0,0,6.5,67,0,52,16,..,"2,660",16.5,0.9
Thailand,[object Object],Asia,77.2,15,15.8,14.7,44.9,69.6,50.7,56.8,8,80000,2.6,528,4,32,20,21,"18,463",14.3,5.2
Togo,[object Object],Africa,61,12.7,11.5,13.8,89.1,8.1,42.2,12.4,1,10000,..,65,0,3,14,12,"1,596",10.3,3.5
Tonga,[object Object],Oceania,70.9,14.4,14.6,14.0,14.7,0.1,23.1,41.2,5,50000,..,174,1,13,..,..,"6,267",20.2,3.6
Trinidad and Tobago,[object Object],Caribbean,73.5,13,14.0,12.0,30.1,1.4,53.2,77.3,42,420000,30.6,288,31,46,..,..,"26,176",26.3,4.2
Tunisia,[object Object],Africa,76.7,15.1,15.8,14.3,7.8,11.7,69.3,64.2,13,130000,..,195,3,7,11,13,"10,756",24.8,0.5
Turkey,[object Object],Asia,77.7,16.6,16.0,17.1,26.6,83.4,75.6,71.0,19,190000,2.6,322,5,15,23,9,"28,167",25.7,7
Turkmenistan,[object Object],Asia,68.2,11.2,10.9,11.5,24.4,5.9,52.0,21.3,22,220000,..,529,14,9,..,22,"14,845",21.8,3.3
Tuvalu,[object Object],Oceania,..,12.3,..,..,..,0.0,63.2,49.3,9,90000,..,100,1,33,..,..,"4,288",..,2
Uganda,[object Object],Africa,63.4,11.4,10.6,12.2,118.8,44.3,24.4,23.7,2,20000,10.5,119,0,10,17,22,"2,181",16.6,3.9
Ukraine,[object Object],Europe,72.1,15.1,15.3,14.9,23.7,44.0,69.5,58.9,30,300000,6.2,128,5,17,..,25,"12,810",17.5,11.3
United Arab Emirates,[object Object],Asia,78,14.3,14.8,14.1,6.5,9.8,86.8,98.5,25,250000,0.5,107,21,5,23,1,"67,119",11.2,87.9
United Kingdom,[object Object],Europe,81.3,17.5,18.0,17.0,13.4,67.5,83.7,94.9,28,280000,1.2,137,6,13,13,..,"46,699",10.8,14.1
United States,[object Object],North America,78.9,16.3,16.9,15.7,19.9,329.1,82.5,87.3,26,260000,5.0,663,17,34,21,..,"62,683",13.8,15.4
Uruguay,[object Object],South America,77.9,16.8,17.1,15.1,58.7,3.5,95.4,68.3,51,510000,12.1,297,2,11,14,26,"21,561",18.4,2.4
Uzbekistan,[object Object],Asia,71.7,12.1,11.9,12.2,23.8,33.0,50.4,52.3,24,240000,1.1,144,3,8,..,29,"6,999",19.9,3.5
Vanuatu,[object Object],Oceania,70.5,11.7,11.5,12,49.4,0.3,25.4,25.7,2,20000,..,69,1,36,..,..,"3,144",26,1.1
Venezuela,[object Object],South America,72.1,12.8,13.8,11.8,85.3,28.5,88.2,72.0,..,,36.7,194,5,53,..,15,..,22.6,4.8
Vietnam,[object Object],Asia,75.4,12.7,12.9,12.5,30.9,96.5,36.6,70.3,8,80000,..,137,2,48,..,31,"8,041",9.7,0.1
Yemen,[object Object],Asia,66.1,8.8,7.4,10.2,60.4,29.2,37.3,26.7,5,50000,6.8,54,0,1,16,..,..,44.8,1.3
Zambia,[object Object],Africa,63.9,11.5,10.7,11.6,120.1,17.9,44.1,14.3,12,120000,5.4,148,0,65,23,7,"3,479",19.7,1
Zimbabwe,[object Object],Africa,61.5,11,10.5,11.5,86.1,14.6,32.2,27.1,2,20000,..,137,1,36,17,36,"2,836",16,2.8